{"url":"https://api.github.com/repos/Arc13/feature-cache-releases/releases/6799285","assets_url":"https://api.github.com/repos/Arc13/feature-cache-releases/releases/6799285/assets","upload_url":"https://uploads.github.com/repos/Arc13/feature-cache-releases/releases/6799285/assets{?name,label}","html_url":"https://github.com/Arc13/feature-cache-releases/releases/tag/r1","id":6799285,"tag_name":"r1","target_commitish":"master","name":"r1","draft":false,"author":{"login":"Arc13","id":8174691,"avatar_url":"https://avatars1.githubusercontent.com/u/8174691?v=4","gravatar_id":"","url":"https://api.github.com/users/Arc13","html_url":"https://github.com/Arc13","followers_url":"https://api.github.com/users/Arc13/followers","following_url":"https://api.github.com/users/Arc13/following{/other_user}","gists_url":"https://api.github.com/users/Arc13/gists{/gist_id}","starred_url":"https://api.github.com/users/Arc13/starred{/owner}{/repo}","subscriptions_url":"https://api.github.com/users/Arc13/subscriptions","organizations_url":"https://api.github.com/users/Arc13/orgs","repos_url":"https://api.github.com/users/Arc13/repos","events_url":"https://api.github.com/users/Arc13/events{/privacy}","received_events_url":"https://api.github.com/users/Arc13/received_events","type":"User","site_admin":false},"prerelease":false,"created_at":"2017-06-22T10:38:35Z","published_at":"2017-06-22T10:39:04Z","assets":[{"url":"https://api.github.com/repos/Arc13/feature-cache-releases/releases/assets/4466385","id":4466385,"name":"features.BR.json","label":null,"uploader":{"login":"Arc13","id":8174691,"avatar_url":"https://avatars1.githubusercontent.com/u/8174691?v=4","gravatar_id":"","url":"https://api.github.com/users/Arc13","html_url":"https://github.com/Arc13","followers_url":"https://api.github.com/users/Arc13/followers","following_url":"https://api.github.com/users/Arc13/following{/other_user}","gists_url":"https://api.github.com/users/Arc13/gists{/gist_id}","starred_url":"https://api.github.com/users/Arc13/starred{/owner}{/repo}","subscriptions_url":"https://api.github.com/users/Arc13/subscriptions","organizations_url":"https://api.github.com/users/Arc13/orgs","repos_url":"https://api.github.com/users/Arc13/repos","events_url":"https://api.github.com/users/Arc13/events{/privacy}","received_events_url":"https://api.github.com/users/Arc13/received_events","type":"User","site_admin":false},"content_type":"application/json","state":"uploaded","size":445,"download_count":21886,"created_at":"2017-07-31T13:38:22Z","updated_at":"2017-07-31T13:38:24Z","browser_download_url":"https://github.com/Arc13/feature-cache-releases/releases/download/r1/features.BR.json"},{"url":"https://api.github.com/repos/Arc13/feature-cache-releases/releases/assets/4354553","id":4354553,"name":"features.DE.json","label":null,"uploader":{"login":"Arc13","id":8174691,"avatar_url":"https://avatars1.githubusercontent.com/u/8174691?v=4","gravatar_id":"","url":"https://api.github.com/users/Arc13","html_url":"https://github.com/Arc13","followers_url":"https://api.github.com/users/Arc13/followers","following_url":"https://api.github.com/users/Arc13/following{/other_user}","gists_url":"https://api.github.com/users/Arc13/gists{/gist_id}","starred_url":"https://api.github.com/users/Arc13/starred{/owner}{/repo}","subscriptions_url":"https://api.github.com/users/Arc13/subscriptions","organizations_url":"https://api.github.com/users/Arc13/orgs","repos_url":"https://api.github.com/users/Arc13/repos","events_url":"https://api.github.com/users/Arc13/events{/privacy}","received_events_url":"https://api.github.com/users/Arc13/received_events","type":"User","site_admin":false},"content_type":"application/json","state":"uploaded","size":457,"download_count":7098,"created_at":"2017-07-18T13:46:32Z","updated_at":"2017-07-18T13:46:38Z","browser_download_url":"https://github.com/Arc13/feature-cache-releases/releases/download/r1/features.DE.json"},{"url":"https://api.github.com/repos/Arc13/feature-cache-releases/releases/assets/4354653","id":4354653,"name":"features.ES.json","label":null,"uploader":{"login":"Arc13","id":8174691,"avatar_url":"https://avatars1.githubusercontent.com/u/8174691?v=4","gravatar_id":"","url":"https://api.github.com/users/Arc13","html_url":"https://github.com/Arc13","followers_url":"https://api.github.com/users/Arc13/followers","following_url":"https://api.github.com/users/Arc13/following{/other_user}","gists_url":"https://api.github.com/users/Arc13/gists{/gist_id}","starred_url":"https://api.github.com/users/Arc13/starred{/owner}{/repo}","subscriptions_url":"https://api.github.com/users/Arc13/subscriptions","organizations_url":"https://api.github.com/users/Arc13/orgs","repos_url":"https://api.github.com/users/Arc13/repos","events_url":"https://api.github.com/users/Arc13/events{/privacy}","received_events_url":"https://api.github.com/users/Arc13/received_events","type":"User","site_admin":false},"content_type":"application/json","state":"uploaded","size":436,"download_count":30102,"created_at":"2017-07-18T13:57:40Z","updated_at":"2017-07-18T13:57:41Z","browser_download_url":"https://github.com/Arc13/feature-cache-releases/releases/download/r1/features.ES.json"},{"url":"https://api.github.com/repos/Arc13/feature-cache-releases/releases/assets/4159087","id":4159087,"name":"features.FR.json","label":null,"uploader":{"login":"Arc13","id":8174691,"avatar_url":"https://avatars1.githubusercontent.com/u/8174691?v=4","gravatar_id":"","url":"https://api.github.com/users/Arc13","html_url":"https://github.com/Arc13","followers_url":"https://api.github.com/users/Arc13/followers","following_url":"https://api.github.com/users/Arc13/following{/other_user}","gists_url":"https://api.github.com/users/Arc13/gists{/gist_id}","starred_url":"https://api.github.com/users/Arc13/starred{/owner}{/repo}","subscriptions_url":"https://api.github.com/users/Arc13/subscriptions","organizations_url":"https://api.github.com/users/Arc13/orgs","repos_url":"https://api.github.com/users/Arc13/repos","events_url":"https://api.github.com/users/Arc13/events{/privacy}","received_events_url":"https://api.github.com/users/Arc13/received_events","type":"User","site_admin":false},"content_type":"application/json","state":"uploaded","size":355,"download_count":15112,"created_at":"2017-06-22T12:06:34Z","updated_at":"2017-06-22T12:06:35Z","browser_download_url":"https://github.com/Arc13/feature-cache-releases/releases/download/r1/features.FR.json"},{"url":"https://api.github.com/repos/Arc13/feature-cache-releases/releases/assets/4158463","id":4158463,"name":"features.GB.json","label":null,"uploader":{"login":"Arc13","id":8174691,"avatar_url":"https://avatars1.githubusercontent.com/u/8174691?v=4","gravatar_id":"","url":"https://api.github.com/users/Arc13","html_url":"https://github.com/Arc13","followers_url":"https://api.github.com/users/Arc13/followers","following_url":"https://api.github.com/users/Arc13/following{/other_user}","gists_url":"https://api.github.com/users/Arc13/gists{/gist_id}","starred_url":"https://api.github.com/users/Arc13/starred{/owner}{/repo}","subscriptions_url":"https://api.github.com/users/Arc13/subscriptions","organizations_url":"https://api.github.com/users/Arc13/orgs","repos_url":"https://api.github.com/users/Arc13/repos","events_url":"https://api.github.com/users/Arc13/events{/privacy}","received_events_url":"https://api.github.com/users/Arc13/received_events","type":"User","site_admin":false},"content_type":"application/json","state":"uploaded","size":389,"download_count":3337385,"created_at":"2017-06-22T10:39:02Z","updated_at":"2017-06-22T10:44:37Z","browser_download_url":"https://github.com/Arc13/feature-cache-releases/releases/download/r1/features.GB.json"},{"url":"https://api.github.com/repos/Arc13/feature-cache-releases/releases/assets/4354806","id":4354806,"name":"features.HU.json","label":null,"uploader":{"login":"Arc13","id":8174691,"avatar_url":"https://avatars1.githubusercontent.com/u/8174691?v=4","gravatar_id":"","url":"https://api.github.com/users/Arc13","html_url":"https://github.com/Arc13","followers_url":"https://api.github.com/users/Arc13/followers","following_url":"https://api.github.com/users/Arc13/following{/other_user}","gists_url":"https://api.github.com/users/Arc13/gists{/gist_id}","starred_url":"https://api.github.com/users/Arc13/starred{/owner}{/repo}","subscriptions_url":"https://api.github.com/users/Arc13/subscriptions","organizations_url":"https://api.github.com/users/Arc13/orgs","repos_url":"https://api.github.com/users/Arc13/repos","events_url":"https://api.github.com/users/Arc13/events{/privacy}","received_events_url":"https://api.github.com/users/Arc13/received_events","type":"User","site_admin":false},"content_type":"application/json","state":"uploaded","size":470,"download_count":53,"created_at":"2017-07-18T14:11:26Z","updated_at":"2017-07-18T14:11:28Z","browser_download_url":"https://github.com/Arc13/feature-cache-releases/releases/download/r1/features.HU.json"},{"url":"https://api.github.com/repos/Arc13/feature-cache-releases/releases/assets/4452091","id":4452091,"name":"features.IT.json","label":null,"uploader":{"login":"Arc13","id":8174691,"avatar_url":"https://avatars1.githubusercontent.com/u/8174691?v=4","gravatar_id":"","url":"https://api.github.com/users/Arc13","html_url":"https://github.com/Arc13","followers_url":"https://api.github.com/users/Arc13/followers","following_url":"https://api.github.com/users/Arc13/following{/other_user}","gists_url":"https://api.github.com/users/Arc13/gists{/gist_id}","starred_url":"https://api.github.com/users/Arc13/starred{/owner}{/repo}","subscriptions_url":"https://api.github.com/users/Arc13/subscriptions","organizations_url":"https://api.github.com/users/Arc13/orgs","repos_url":"https://api.github.com/users/Arc13/repos","events_url":"https://api.github.com/users/Arc13/events{/privacy}","received_events_url":"https://api.github.com/users/Arc13/received_events","type":"User","site_admin":false},"content_type":"application/json","state":"uploaded","size":416,"download_count":5299,"created_at":"2017-07-29T13:53:33Z","updated_at":"2017-07-29T13:53:37Z","browser_download_url":"https://github.com/Arc13/feature-cache-releases/releases/download/r1/features.IT.json"},{"url":"https://api.github.com/repos/Arc13/feature-cache-releases/releases/assets/4451096","id":4451096,"name":"features.PT.json","label":null,"uploader":{"login":"Arc13","id":8174691,"avatar_url":"https://avatars1.githubusercontent.com/u/8174691?v=4","gravatar_id":"","url":"https://api.github.com/users/Arc13","html_url":"https://github.com/Arc13","followers_url":"https://api.github.com/users/Arc13/followers","following_url":"https://api.github.com/users/Arc13/following{/other_user}","gists_url":"https://api.github.com/users/Arc13/gists{/gist_id}","starred_url":"https://api.github.com/users/Arc13/starred{/owner}{/repo}","subscriptions_url":"https://api.github.com/users/Arc13/subscriptions","organizations_url":"https://api.github.com/users/Arc13/orgs","repos_url":"https://api.github.com/users/Arc13/repos","events_url":"https://api.github.com/users/Arc13/events{/privacy}","received_events_url":"https://api.github.com/users/Arc13/received_events","type":"User","site_admin":false},"content_type":"application/json","state":"uploaded","size":445,"download_count":1720,"created_at":"2017-07-29T10:18:10Z","updated_at":"2017-07-29T10:18:12Z","browser_download_url":"https://github.com/Arc13/feature-cache-releases/releases/download/r1/features.PT.json"}],"tarball_url":"https://api.github.com/repos/Arc13/feature-cache-releases/tarball/r1","zipball_url":"https://api.github.com/repos/Arc13/feature-cache-releases/zipball/r1","body":"r1"}