{"title":{"formal_name":"Hiding Out","description":"Полиция считает, что вы грабитель банка! Найдите 100 штук этой фотографии грабителя в этой одноэкранной игре, вдохновленной классическими аркадными играми!\n<br>\n<br>* Простой, ретро-стиль\n<br>* Пять режимов игры\n<br>* Ненасильственные, подходит для детей\n<br>* Любой может играть!\n<br>* Малый размер, подходит для почти любой SD-карты","genres":{"genre":[{"name":"Аркада","id":2},{"name":"Экшн","id":3}],"length":2},"keywords":{},"features":{"feature":[{"id":6,"name":"Показ 3D-изображений","required":false,"type":4}]},"languages":{"language":[{"iso_code":"en","name":"Английский"},{"iso_code":"es","name":"Испанский"}]},"number_of_players":"Один игрок","disclaimer":"Продолжая, вы подтверждаете свое согласие с нижеследующим.\n<br>\n<br>Данная программа для ЭВМ предоставляется вам компанией Nintendo на условиях простой неисключительной лицензии для целей личного использования, не связанного с предпринимательской деятельностью. Вы не вправе предоставлять сублицензию на данную программу для ЭВМ третьим лицам без предварительного письменного согласия компании Nintendo. Лицензия на программу для ЭВМ действует с момента уплаты вами лицензионного вознаграждения, указанного в отношении данной программы для ЭВМ. Во всем, что не урегулировано в настоящей оговорке, действуют положения Соглашения о пользовании сервисами Nintendo 3DS и политики конфиденциальности.","copyright":{"text":"©2017 Green Lightning"},"screenshots":{"screenshot":[{"image_url":[{"value":"https://kanzashi-ctr.cdn.nintendo.net/i/0b95c1c36ae1eb96ccc06ca23ceddfdc8345d303c2db6076f38e08acbffa994b.jpg","type":"upper"},{"value":"https://kanzashi-ctr.cdn.nintendo.net/i/2d50d1822716ef9c0f797406e6cc2d7c5d78e571410791a001d0e98177e83580.jpg","type":"lower"}]},{"image_url":[{"value":"https://kanzashi-ctr.cdn.nintendo.net/i/52f43954b1842210eaf32e00dc11b8f0ec0f8ce798cf29a1101b0f23e4186e18.jpg","type":"upper"},{"value":"https://kanzashi-ctr.cdn.nintendo.net/i/7709dd6bbc1155647853672658a3cc54ceff7391dfb1985036fe05c577b76972.jpg","type":"lower"}]},{"image_url":[{"value":"https://kanzashi-ctr.cdn.nintendo.net/i/91e2cf5c09ae02e15e16079b461f9e7456eea74899f518814715c3814a7294ef.jpg","type":"upper"},{"value":"https://kanzashi-ctr.cdn.nintendo.net/i/732cffafc6306490be9f0ec660f03093e29a8cd7d7d13a760813f5b37bac16f7.jpg","type":"lower"}]}]},"ticket_available":false,"data_size":2632548,"download_code_sales":false,"download_card_sales":{"available":false},"name":"Hiding Out","thumbnails":{"thumbnail":[{"url":"https://kanzashi-ctr.cdn.nintendo.net/i/26837786d4c4a2be993955ad26237304ab7ce35d0eb18a25912e65c1e85e6a3d.jpg","height":112,"width":112,"type":"small"},{"url":"https://kanzashi-ctr.cdn.nintendo.net/i/765174e6ea2501261004b18d247005d3adda38dccd591d0f112d8546c836fe3e.jpg","height":112,"width":112,"type":"small"},{"url":"https://kanzashi-ctr.cdn.nintendo.net/i/432f98af158f0285f3950b6d4fb151e012b1b610adabb010415388b91a1903b6.jpg","height":112,"width":112,"type":"small"}]},"id":50010000043557,"platform":{"name":"Nintendo 3DS (загружаемая)","id":19,"device":"CTR","category":8},"publisher":{"name":"Green Lightning","id":1948},"product_code":"CTR-N-BHGP","icon_url":"https://kanzashi-ctr.cdn.nintendo.net/i/ce0c976956d04009f60bcac187a442f51a3186f7eb166174ff4c0d1021f32e69.jpg","banner_url":"https://kanzashi-ctr.cdn.nintendo.net/i/a050b4c77c36dc67c36a15e456bce499090eddc5059b6603f709785d74f6d585.jpg","display_genre":"Аркада / Экшн","rating_info":{"rating_system":{"name":"Возр. катег.","id":212},"rating":{"icons":{"icon":[{"url":"https://kanzashi-ctr.cdn.nintendo.net/i/277d09698bc618c10eb92ea4a24482dd5fac7821a4d42e50951e453b121dd718.jpg","type":"normal"},{"url":"https://kanzashi-ctr.cdn.nintendo.net/i/67aea1c7fa16398752c0ae8cdf1b6092c9ba0f1508166109779b5b1526f7b134.jpg","type":"small"}]},"name":"0+","age":0,"id":1},"descriptors":{}},"release_date_on_eshop":"2017-11-06","retail_sales":false,"eshop_sales":true,"web_sales":true,"demo_available":false,"aoc_available":false,"in_app_purchase":false,"top_image":{"type":"screenshot","url":"https://kanzashi-ctr.cdn.nintendo.net/i/0b95c1c36ae1eb96ccc06ca23ceddfdc8345d303c2db6076f38e08acbffa994b.jpg"},"new":false,"public":true}}