{"title":{"formal_name":"Phoenix Wright: Ace Attorney\n<br>Spirit of Justice","description":"В Phoenix Wright: Ace Attorney – Spirit of Justice Phoenix попадает в совершенно новую обстановку: зал суда в королевстве Khura’in, где зародилась Kurain Channeling Technique и судьбу всех подсудимых решают загадочные спиритические сеансы. Трудное испытание предстоит и адвокату Apollo Justice, оставшемуся за главного в Wright Anything Agency – он берется за дело со взрывоопасными последствиями.\n<br>\n<br>На пути к торжеству справедливости оба наших героя встретятся с множеством старых друзей и противников. Труднейшие загадки, запоминающиеся персонажи и невиданные ранее методы расследования – такое дело вы точно не захотите пропустить!","genres":{"genre":[{"name":"Приключения","id":4},{"name":"Пазл","id":6},{"name":"Ролевая игра","id":8}],"length":3},"keywords":{},"features":{"feature":[{"id":6,"name":"Показ 3D-изображений","required":false,"type":4},{"id":15,"name":"Поддерживает SpotPass","required":false,"type":4},{"id":30,"name":"Nintendo Network","icons":{"icon":[{"url":"https://kanzashi-ctr.cdn.nintendo.net/i/233a88d20a1bc522ae130b8ffb72c35593e0605e0d35ebfbb4168840c2a7ca5e.png","type":"normal"},{"url":"https://kanzashi-ctr.cdn.nintendo.net/i/05a137cb151cc8c6be24849bbc758437727bd14cd847e7c2a3ee4f98f88428a9.jpg","type":"small"}]},"required":false,"type":4}]},"languages":{"language":[{"iso_code":"en","name":"Английский"}]},"number_of_players":"Один игрок","disclaimer":"Продолжая, вы подтверждаете свое согласие с нижеследующим.\n<br>\n<br>Данная программа для ЭВМ предоставляется вам компанией Nintendo на условиях простой неисключительной лицензии для целей личного использования, не связанного с предпринимательской деятельностью. Вы не вправе предоставлять сублицензию на данную программу для ЭВМ третьим лицам без предварительного письменного согласия компании Nintendo. Лицензия на программу для ЭВМ действует с момента уплаты вами лицензионного вознаграждения, указанного в отношении данной программы для ЭВМ. Во всем, что не урегулировано в настоящей оговорке, действуют положения Соглашения о пользовании сервисами Nintendo 3DS и политики конфиденциальности.","copyright":{"text":"©CAPCOM CO., LTD. 2016 ALL RIGHTS RESERVED."},"screenshots":{"screenshot":[{"image_url":[{"value":"https://kanzashi-ctr.cdn.nintendo.net/i/b474fb0f55237bb3d52e4eda6618dbdd676c0fc9a093e86a0546aa83d5f971c8.jpg","type":"upper"},{"value":"https://kanzashi-ctr.cdn.nintendo.net/i/e409b93d3dc2f203a68f7ebccbe99ccd2e568ac88d59f17491a9232732238fe5.jpg","type":"lower"}]},{"image_url":[{"value":"https://kanzashi-ctr.cdn.nintendo.net/i/c86cdb04680d1ec9f74592d8e49caa7222fd938eac01dc1bbe37dc393390b02d.jpg","type":"upper"},{"value":"https://kanzashi-ctr.cdn.nintendo.net/i/b0feb89c351a9b9330e756a8316eb1c27bef34ba4ec144f5d5dcdcc1c129ebc5.jpg","type":"lower"}]},{"image_url":[{"value":"https://kanzashi-ctr.cdn.nintendo.net/i/fba584e57d8bec7f8f9e92639c6743131c3b53adb3a188d2bf78c0ac2edbe99b.jpg","type":"upper"},{"value":"https://kanzashi-ctr.cdn.nintendo.net/i/8a8d8e3aabfde190cff062603380c2604383b8a72cca1a798716770f45865bed.jpg","type":"lower"}]}]},"preference":{"target_player":{"everyone":76,"gamers":24},"play_style":{"casual":86,"intense":14}},"movies":{"movie":[{"name":"Phoenix Wright: Ace Attorney\n<br>Spirit of Justice","banner_url":"https://kanzashi-ctr.cdn.nintendo.net/i/18fda2438d94809c70d109746eb02d420b31e0ded11c2f36927e8e6832585933.jpg","thumbnail_url":"https://kanzashi-ctr.cdn.nintendo.net/i/8bc586a19f4ca3d78406222edbc0b7997aa548ad9c5fc7872e7e34c54aa8ca5d.jpg","files":{"file":[{"format":"moflex","movie_url":"https://kanzashi-movie-ctr.cdn.nintendo.net/m/4aaa631b5d9f69cb0fba347aa6fbba4aff0c6928ce7c40b0d2f4529178e09d18.moflex","width":400,"height":240,"dimension":"2d","play_time_sec":109}]},"rating_info":{"rating_system":{"name":"Возр. катег.","id":212},"rating":{"icons":{"icon":[{"url":"https://kanzashi-ctr.cdn.nintendo.net/i/01cf043358cb208316fa9c36a91dcf0933e503783c8053efc88c39db6e944181.jpg","type":"normal"},{"url":"https://kanzashi-ctr.cdn.nintendo.net/i/f7b9ab904e6ad90b48442eeb48b188f92dc2c5729e66734071597ab855cef265.jpg","type":"small"}]},"name":"16+","age":16,"id":4}},"id":50040000041522,"new":false}]},"demo_titles":{"demo_title":[{"name":"Phoenix Wright: Ace Attorney \nSpirit of Justice демоверсия","id":50030000008846,"icon_url":"https://kanzashi-ctr.cdn.nintendo.net/i/78ec781dadb60295c2b7c29bed89c3410ab1a89990140c89e3358db7542e2a60.jpg"}]},"ticket_available":false,"data_size":890383204,"download_code_sales":false,"download_card_sales":{"available":false},"name":"Phoenix Wright: Ace Attorney\nSpirit of Justice","thumbnails":{"thumbnail":[{"url":"https://kanzashi-ctr.cdn.nintendo.net/i/1a3f31774462c5b466a7e62af6495c142a2a3d7f0b2438d1b9bdf9b815caba7c.jpg","height":112,"width":112,"type":"small"},{"url":"https://kanzashi-ctr.cdn.nintendo.net/i/71662751464a2b16c3b841bb1dae7ab60c08a2f869fdb424f3e00adcd9d8afc8.jpg","height":112,"width":112,"type":"small"},{"url":"https://kanzashi-ctr.cdn.nintendo.net/i/3f28987944ebbdba69bc9a79b213249850f1813a7ba4638443f3a9ea6c537710.jpg","height":112,"width":112,"type":"small"}]},"id":50010000041420,"platform":{"name":"Nintendo 3DS (загружаемая)","id":19,"device":"CTR","category":8},"publisher":{"name":"CAPCOM Europe","id":40},"product_code":"CTR-N-BG6P","icon_url":"https://kanzashi-ctr.cdn.nintendo.net/i/78ec781dadb60295c2b7c29bed89c3410ab1a89990140c89e3358db7542e2a60.jpg","banner_url":"https://kanzashi-ctr.cdn.nintendo.net/i/24abe24c9987e53a5c4f65dca446e47a9f2fec86d8b9d58e4af8f3c251fea560.jpg","display_genre":"Приключения / Пазл / Ролевая игра","rating_info":{"rating_system":{"name":"Возр. катег.","id":212},"rating":{"icons":{"icon":[{"url":"https://kanzashi-ctr.cdn.nintendo.net/i/01cf043358cb208316fa9c36a91dcf0933e503783c8053efc88c39db6e944181.jpg","type":"normal"},{"url":"https://kanzashi-ctr.cdn.nintendo.net/i/f7b9ab904e6ad90b48442eeb48b188f92dc2c5729e66734071597ab855cef265.jpg","type":"small"}]},"name":"16+","age":16,"id":4},"descriptors":{}},"star_rating_info":{"score":4.89,"votes":29,"star1":0,"star2":0,"star3":1,"star4":3,"star5":25,"conditional_ratings":{"conditional_rating":[{"score":5.0,"votes":1,"sex":"male","age":"0-19"},{"score":4.82,"votes":11,"sex":"male","age":"20-39"},{"score":0.0,"votes":0,"sex":"male","age":"40-"},{"score":5.0,"votes":1,"sex":"female","age":"0-19"},{"score":5.0,"votes":5,"sex":"female","age":"20-39"},{"score":0.0,"votes":0,"sex":"female","age":"40-"}]}},"release_date_on_eshop":"2016-09-08","retail_sales":false,"eshop_sales":true,"web_sales":true,"demo_available":true,"aoc_available":true,"in_app_purchase":false,"top_image":{"type":"screenshot","url":"https://kanzashi-ctr.cdn.nintendo.net/i/b474fb0f55237bb3d52e4eda6618dbdd676c0fc9a093e86a0546aa83d5f971c8.jpg"},"new":false,"public":true}}