{"title":{"formal_name":"Apollo Justice: Ace Attorney","description":"Experience the popular Ace Attorney series as a rookie lawyer in Apollo Justice: Ace Attorney now on the Nintendo eShop on Nintendo 3DS™! Step into the shoes of a young and passionate Apollo Justice in his early law career as he takes on his first case. With the help of Trucy Wright, a talented magician who is also his assistant, and his level-headed mentor, Kristoph Gavin, the team will seek to reveal the truth in criminal trials.\n<br><br>\nApollo’s undeniable skills in uncovering lies by analyzing witness' body language and years of invaluable advice from his mentor will be put to test when he faces a dashing rival prosecutor named Klavier Gavin. With special appearances from well-known characters such as Phoenix Wright and Ema Skye, players will have an adventure filled with dramatic cases, jaw-dropping events, and a chance to defend their clients at all costs!\n<br>\n<br>Players will utilize the Touch Screen to maneuver their way through crime scenes, interview witnesses with amusing dialogue, and collect vital evidence using forensic science by dusting for prints or testing for traces of blood and present them in the courtroom. Experience challenging puzzles and thrilling stories that will have you at the edge of your seat! The courtroom awaits you, download today!","genres":{"genre":[{"name":"Adventure","id":4}],"length":1},"keywords":{"keyword":["3D"]},"features":{"feature":[{"id":6,"name":"Displays 3D Visuals","required":false,"type":4}]},"languages":{"language":[{"iso_code":"en","name":"English"}]},"number_of_players":"1 player","disclaimer":"You may need to upgrade your current SD Card to a compatible SDHC Card or microSDHC Card with enough available space to download this software.\n<br>Visit support.nintendo.com for information about storage options. Sold separately.","copyright":{"text":"©CAPCOM CO., LTD. 2007, 2017 ALL RIGHTS RESERVED."},"screenshots":{"screenshot":[{"image_url":[{"value":"https://kanzashi-ctr.cdn.nintendo.net/i/0e401a05a2f2e83c788e06dbae9b1e037b50b16ce3e4bbd748a46844b277e0ff.jpg","type":"upper"},{"value":"https://kanzashi-ctr.cdn.nintendo.net/i/c9b0a1db253fa7bb14983d4c5289f61eb71b09bd428158cf229cfadbe3b4f834.jpg","type":"lower"}]},{"image_url":[{"value":"https://kanzashi-ctr.cdn.nintendo.net/i/76cfb54765bd68205faeb16b4d48a340ca7a11e13e4736f1f6addfad6a06496b.jpg","type":"upper"},{"value":"https://kanzashi-ctr.cdn.nintendo.net/i/62f30611858d30541057fffd2d9d4982c2d1d6d2aa2aa33ec9e8c7a641d7ab5b.jpg","type":"lower"}]},{"image_url":[{"value":"https://kanzashi-ctr.cdn.nintendo.net/i/d534c3938f5efc4a4e35b25d1e99ddfb3c29624757c6a042d6f6a23de25c236f.jpg","type":"upper"},{"value":"https://kanzashi-ctr.cdn.nintendo.net/i/d28b39114ab78e22c284f2ac9ce551e3a175a5a270f05e44ce71dbc2e2808273.jpg","type":"lower"}]}]},"preference":{"target_player":{"everyone":100,"gamers":0},"play_style":{"casual":67,"intense":33}},"movies":{"movie":[{"name":"Apollo Justice: Ace Attorney –\nLaunch Trailer","banner_url":"https://kanzashi-ctr.cdn.nintendo.net/i/b42f4ef4c09f65b773415d5138175ea192054f95f4c1971ef0c8b0e8d89f2970.jpg","thumbnail_url":"https://kanzashi-ctr.cdn.nintendo.net/i/7118ff141baafcfd7fbcb9e542ed1d6af35f8b28b3663661b3d8a394aa841464.jpg","files":{"file":[{"format":"moflex","movie_url":"https://kanzashi-movie-ctr.cdn.nintendo.net/m/f1700a22d0611103a1ec52b512e4ab9d01ae76799710947341fee00a6c8e3ccf.moflex","width":400,"height":240,"dimension":"2d","play_time_sec":91}]},"rating_info":{"rating_system":{"name":"ESRB","id":202},"rating":{"icons":{"icon":[{"url":"https://kanzashi-ctr.cdn.nintendo.net/i/6d7c4dce8a918f26e99e18e48bdcea6a7540b11eaa64bee8e6fff6fb4de1a3bc.jpg","type":"normal"},{"url":"https://kanzashi-ctr.cdn.nintendo.net/i/96c95760c301e147e0c6ce26f89d9791ca162e1e47a61ae077dd7886c4fb30fa.jpg","type":"small"}]},"name":"T","age":13,"id":4}},"id":50040000046902,"new":true}]},"ticket_available":false,"data_size":358140772,"download_code_sales":false,"download_card_sales":{"available":false},"name":"Apollo Justice: Ace Attorney","thumbnails":{"thumbnail":[{"url":"https://kanzashi-ctr.cdn.nintendo.net/i/8489cdc01f1ee99ace21e0f314115902750d301e4e55662d425a04ebb49e1fce.jpg","height":112,"width":112,"type":"small"}]},"id":50010000044216,"platform":{"name":"Nintendo 3DS Download Only","id":19,"device":"CTR","category":8},"publisher":{"name":"CAPCOM","id":41},"product_code":"CTR-N-AXRE","icon_url":"https://kanzashi-ctr.cdn.nintendo.net/i/748cdeb4311f1c33fdbf4d7fbf344b01e329a6ddf2467b137e9c6bc594e50e2f.jpg","banner_url":"https://kanzashi-ctr.cdn.nintendo.net/i/b42f4ef4c09f65b773415d5138175ea192054f95f4c1971ef0c8b0e8d89f2970.jpg","display_genre":"Adventure","rating_info":{"rating_system":{"name":"ESRB","id":202},"rating":{"icons":{"icon":[{"url":"https://kanzashi-ctr.cdn.nintendo.net/i/6d7c4dce8a918f26e99e18e48bdcea6a7540b11eaa64bee8e6fff6fb4de1a3bc.jpg","type":"normal"},{"url":"https://kanzashi-ctr.cdn.nintendo.net/i/96c95760c301e147e0c6ce26f89d9791ca162e1e47a61ae077dd7886c4fb30fa.jpg","type":"small"}]},"name":"T","age":13,"id":4},"descriptors":{"descriptor":[{"name":"Blood"},{"name":"Violence"}]}},"star_rating_info":{"score":5.0,"votes":3,"star1":0,"star2":0,"star3":0,"star4":0,"star5":3},"release_date_on_eshop":"2017-11-21","retail_sales":false,"eshop_sales":true,"web_sales":true,"demo_available":false,"aoc_available":false,"in_app_purchase":false,"top_image":{"type":"screenshot","url":"https://kanzashi-ctr.cdn.nintendo.net/i/0e401a05a2f2e83c788e06dbae9b1e037b50b16ce3e4bbd748a46844b277e0ff.jpg"},"new":true,"public":true}}