{"title":{"formal_name":"Professor Layton vs.\nPhoenix Wright: Ace Attorney","description":"Join forces with expert investigator Professor Layton and ace attorney Phoenix Wright in this unbelievable crossover adventure! Find out what new twists they bring to the courtroom as they solve puzzles and debunk witnesses’ lies. Cross-examine multiple witnesses at the same time to uncover the mysteries of the magical city of Labyrinthia. \n<br><br>\nIn a medieval town where the people live in fear of witchcraft and those who wield it, Professor Layton and Phoenix Wright, along with their assistants Luke and Maya, join forces to face a perilous journey filled with harrowing mysteries that cannot be solved with mere logic. \n<br><br>\nInvestigate the city of Labyrinthia and gather information from its townspeople by solving puzzles, then prove your client’s innocence in court. In new group cross-examinations,\nyou’ll pit one witness’ testimony against another’s to get the story straight, then literally rewrite history alongside the greatest puzzle-solving duo Labyrinthia has ever known. ","genres":{"genre":[{"name":"Puzzle","id":6},{"name":"Adventure","id":4}],"length":2},"keywords":{"keyword":["3D Games","SpotPass","Nintendo","LEVEL-5"]},"features":{"feature":[{"id":6,"name":"Displays 3D Visuals","required":false,"type":4},{"id":15,"name":"Supports SpotPass","required":false,"type":4}]},"languages":{"language":[{"iso_code":"en","name":"English"},{"iso_code":"es","name":"Spanish"},{"iso_code":"fr","name":"French"}]},"number_of_players":"1 player","disclaimer":"Due to the size of this game, it may take longer to download the digital version of this title when compared to other Nintendo eShop games. At the time of purchase you can choose either “Download Now” to begin to download the game immediately or \n“Download Later” to download the game when the system enters “sleep mode.”\n<br><br>\nYou may need an additional compatible SD card or SDHC card with available space to download this software. Visit support.nintendo.com for information about storage options. Sold separately.","copyright":{"text":"©2014 LEVEL-5 Inc. ©CAPCOM CO., LTD. 2014. Nintendo 3DS is a trademark of Nintendo. © 2014 Nintendo. "},"screenshots":{"screenshot":[{"image_url":[{"value":"https://kanzashi-ctr.cdn.nintendo.net/i/9e015b9fd4e7983932cc40269adbe2e9c747bb079a9c726a57886f2765ca4720.jpg","type":"upper"},{"value":"https://kanzashi-ctr.cdn.nintendo.net/i/de01f34a616d857f37d3724ecfefd9319931b190ae86e50da18e1b2eb9cf9fcb.jpg","type":"lower"}]},{"image_url":[{"value":"https://kanzashi-ctr.cdn.nintendo.net/i/5444d3ac6c94f7911bc199615707779ba28997183951005332583b0e103de815.jpg","type":"upper"},{"value":"https://kanzashi-ctr.cdn.nintendo.net/i/93caa50d22f3cd28ece0fd3e252270623dcc35b1a66564a10e87ef7d3b0da343.jpg","type":"lower"}]},{"image_url":[{"value":"https://kanzashi-ctr.cdn.nintendo.net/i/5972a5ce44da0f555f1e529a73ee60d54a5f724aa4425c45436d455dd1382b2b.jpg","type":"upper"},{"value":"https://kanzashi-ctr.cdn.nintendo.net/i/32d93818dc6743ddd170281e721a51a96f2f6dae55d26d081f6a7be5429eafb8.jpg","type":"lower"}]}]},"preference":{"target_player":{"everyone":72,"gamers":28},"play_style":{"casual":69,"intense":31}},"movies":{"movie":[{"name":"Professor Layton™ vs. Phoenix\nWright™: Ace Attorney™ Trailer","banner_url":"https://kanzashi-ctr.cdn.nintendo.net/i/974de43589ca551327a5037e1c9d326049f007cd8fcec8f612ec15f61c9e4527.jpg","thumbnail_url":"https://kanzashi-ctr.cdn.nintendo.net/i/653b5878f1aa629662fd54a27b8c0793461e56d734d9ef495d7f182da4baeee1.jpg","files":{"file":[{"format":"moflex","movie_url":"https://kanzashi-movie-ctr.cdn.nintendo.net/m/82da68c2f0ccee1f4c07cc93f7c046d60917c985c63db491cf96a3681a3d9e43.moflex","width":400,"height":240,"dimension":"2d","play_time_sec":121}]},"rating_info":{"rating_system":{"name":"ESRB","id":202},"rating":{"icons":{"icon":[{"url":"https://kanzashi-ctr.cdn.nintendo.net/i/6d7c4dce8a918f26e99e18e48bdcea6a7540b11eaa64bee8e6fff6fb4de1a3bc.jpg","type":"normal"},{"url":"https://kanzashi-ctr.cdn.nintendo.net/i/96c95760c301e147e0c6ce26f89d9791ca162e1e47a61ae077dd7886c4fb30fa.jpg","type":"small"}]},"name":"T","age":13,"id":4}},"id":50040000019612,"new":false},{"name":"Professor Layton vs. Phoenix\nWright Ace Attorney Teaser","banner_url":"https://kanzashi-ctr.cdn.nintendo.net/i/e5ae5a277a1c7ccc2d20f5c879091d905a0fc023a375b4df206e16bb0d340a5e.jpg","thumbnail_url":"https://kanzashi-ctr.cdn.nintendo.net/i/e813f19e5d991ffb3682a1d434d50d93a30113e4e415a756bbbab340750881b6.jpg","files":{"file":[{"format":"moflex","movie_url":"https://kanzashi-movie-ctr.cdn.nintendo.net/m/986c23093900c03b29c592dd65d4fb50fa2a219fc60e35cb9c6370676cda0240.moflex","width":400,"height":240,"dimension":"2d","play_time_sec":57}]},"rating_info":{"rating_system":{"name":"ESRB","id":202},"rating":{"icons":{"icon":[{"url":"https://kanzashi-ctr.cdn.nintendo.net/i/6d7c4dce8a918f26e99e18e48bdcea6a7540b11eaa64bee8e6fff6fb4de1a3bc.jpg","type":"normal"},{"url":"https://kanzashi-ctr.cdn.nintendo.net/i/96c95760c301e147e0c6ce26f89d9791ca162e1e47a61ae077dd7886c4fb30fa.jpg","type":"small"}]},"name":"T","age":13,"id":4}},"id":50040000011703,"new":false}]},"ticket_available":false,"data_size":1469971300,"download_code_sales":true,"download_card_sales":{"available":false},"name":"Professor Layton vs.\nPhoenix Wright: Ace Attorney","thumbnails":{"thumbnail":[{"url":"https://kanzashi-ctr.cdn.nintendo.net/i/a900827cc0ed8437ac78e46a7ce3a68ac996a86f4175b2394915422b06581155.jpg","height":112,"width":112,"type":"small"},{"url":"https://kanzashi-ctr.cdn.nintendo.net/i/fda2dacde433ef51c98604c0f94ffc6b7b8edc8aed417744438cc6ba2bee943e.jpg","height":112,"width":112,"type":"small"},{"url":"https://kanzashi-ctr.cdn.nintendo.net/i/c881ca37644b155fb308882a31099f0d377fc09d82d3ca3eb5b695059c9d5940.jpg","height":112,"width":112,"type":"small"}]},"id":50010000024375,"platform":{"name":"Nintendo 3DS Retail/Download","id":103,"device":"CTR","category":8},"publisher":{"name":"Nintendo","id":190},"product_code":"CTR-N-AVSE","icon_url":"https://kanzashi-ctr.cdn.nintendo.net/i/8483a646c8fa0c5bf548864b2d74170dee249728bf6810ef08094b5be826b454.jpg","banner_url":"https://kanzashi-ctr.cdn.nintendo.net/i/31c1c52f4e8b5fdd5fe1aeb5a54f7b79e69375716a06946109b1c795132f209c.jpg","display_genre":"Puzzle / Adventure","rating_info":{"rating_system":{"name":"ESRB","id":202},"rating":{"icons":{"icon":[{"url":"https://kanzashi-ctr.cdn.nintendo.net/i/6d7c4dce8a918f26e99e18e48bdcea6a7540b11eaa64bee8e6fff6fb4de1a3bc.jpg","type":"normal"},{"url":"https://kanzashi-ctr.cdn.nintendo.net/i/96c95760c301e147e0c6ce26f89d9791ca162e1e47a61ae077dd7886c4fb30fa.jpg","type":"small"}]},"name":"T","age":13,"id":4},"descriptors":{"descriptor":[{"name":"Mild Blood"},{"name":"Mild Suggestive Themes"},{"name":"Mild Violence"},{"name":"Use of Alcohol"}]}},"star_rating_info":{"score":4.79,"votes":3864,"star1":23,"star2":46,"star3":141,"star4":691,"star5":2963,"conditional_ratings":{"conditional_rating":[{"score":4.71,"votes":1096,"sex":"male","age":"0-19"},{"score":4.68,"votes":1230,"sex":"male","age":"20-39"},{"score":4.72,"votes":50,"sex":"male","age":"40-"},{"score":4.73,"votes":575,"sex":"female","age":"0-19"},{"score":4.68,"votes":691,"sex":"female","age":"20-39"},{"score":4.31,"votes":51,"sex":"female","age":"40-"}]}},"release_date_on_eshop":"2014-08-29","release_date_on_retail":"2014-08-29","retail_sales":true,"eshop_sales":true,"web_sales":true,"demo_available":false,"aoc_available":false,"in_app_purchase":false,"top_image":{"type":"screenshot","url":"https://kanzashi-ctr.cdn.nintendo.net/i/9e015b9fd4e7983932cc40269adbe2e9c747bb079a9c726a57886f2765ca4720.jpg"},"new":false,"public":true}}