{"publishers":{"publisher":[{"name":"Nintendo","id":190},{"name":"13AM Games","id":1366},{"name":"1st Playable","id":322},{"name":"4Pockets Studios","id":3},{"name":"505 Games","id":4},{"name":"Aardman Animations","id":1235},{"name":"Abylight","id":6},{"name":"Activision","id":7},{"name":"AGATSUMA","id":9},{"name":"AGENIUS","id":11},{"name":"Agetec","id":12},{"name":"Akaoni Studio","id":14},{"name":"Aksys Games","id":15},{"name":"Arait","id":1773},{"name":"ARC SYSTEM WORKS","id":19},{"name":"ASK Co., Ltd.","id":398},{"name":"Assoria","id":22},{"name":"Atlantyca","id":1523},{"name":"Atooi","id":1772},{"name":"BANDAI NAMCO Entertainment","id":27},{"name":"Barnstorm Games","id":1350},{"name":"Bigben Interactive","id":31},{"name":"Big John Games","id":33},{"name":"BiP media","id":34},{"name":"CAPCOM","id":39},{"name":"CAPCOM Europe","id":40},{"name":"CatfishBlues Games","id":1747},{"name":"cerasus.media","id":42},{"name":"Chequered Cow","id":1429},{"name":"Chillingo","id":43},{"name":"Choice Provisions","id":1381},{"name":"Cinemax","id":45},{"name":"CIRCLE Ent.","id":46},{"name":"City Connection","id":1800},{"name":"CoderChild","id":1249},{"name":"Collecting Smiles","id":742},{"name":"Connect2Media","id":49},{"name":"Cypronia","id":359},{"name":"Dancing Dots","id":60},{"name":"DETUNE","id":1227},{"name":"Digital Leisure","id":62},{"name":"Disney Interactive","id":64},{"name":"dtp entertainment","id":68},{"name":"Electronic Arts","id":69},{"name":"Endgame Studios","id":923},{"name":"Engine Software","id":74},{"name":"Enjoy Gaming","id":75},{"name":"EnjoyUp Games","id":76},{"name":"Firemint","id":84},{"name":"Four Horses","id":1688},{"name":"Full Fat","id":1455},{"name":"G.rev","id":962},{"name":"G5 Entertainment","id":91},{"name":"GAMEDO","id":1403},{"name":"Gamelion","id":96},{"name":"Gameloft","id":97},{"name":"GameOn","id":99},{"name":"Games Factory Online","id":100},{"name":"GAMEVIL","id":102},{"name":"Gammick Entertainment","id":103},{"name":"Genius Sonority","id":682},{"name":"Ghostlight","id":513},{"name":"GlobZ","id":109},{"name":"Google","id":1083},{"name":"HAMSTER","id":118},{"name":"Hörberg Productions","id":1102},{"name":"HUDSON SOFT","id":124},{"name":"Image & Form","id":130},{"name":"Infinite Madaa","id":1898},{"name":"Infitizmo","id":1803},{"name":"INSIDE SYSTEM","id":1759},{"name":"INTENSE","id":133},{"name":"Interplay","id":135},{"name":"Joindots","id":1003},{"name":"JUPITER","id":142},{"name":"Kaasa","id":144},{"name":"Ka-Ching Cartoons","id":842},{"name":"Kiloo","id":351},{"name":"KOEI TECMO EUROPE","id":267},{"name":"KONAMI","id":149},{"name":"Korner Entertainment","id":153},{"name":"KRITZELKRATZ 3000","id":352},{"name":"lbxgames","id":156},{"name":"Lemondo Games","id":1779},{"name":"Lemon Team","id":159},{"name":"LEVEL-5","id":456},{"name":"Lexis Numerique","id":160},{"name":"Lightwood Games","id":1480},{"name":"Mad Monkey","id":165},{"name":"MarvelousAQL","id":628},{"name":"Mastertronic","id":168},{"name":"Mere Mortals","id":171},{"name":"Microids","id":1436},{"name":"Microvalue","id":520},{"name":"MP2 Games","id":1687},{"name":"MSL","id":562},{"name":"Neko Entertainment","id":1699},{"name":"Neuland Multimedia","id":184},{"name":"Nicalis","id":186},{"name":"Ninja Kiwi","id":623},{"name":"NIS America","id":191},{"name":"Nnooo","id":192},{"name":"Nordcurrent","id":195},{"name":"Nostatic Software","id":1555},{"name":"nuGAME","id":1610},{"name":"NVriezen","id":1692},{"name":"O2 GAMES","id":1302},{"name":"odenis studio","id":196},{"name":"Other Ocean","id":198},{"name":"Petite Games","id":1454},{"name":"PIXEL FEDERATION","id":205},{"name":"Pixel Toys","id":1213},{"name":"Planet Nemo","id":373},{"name":"PlayEveryWare","id":1406},{"name":"Playtainment","id":208},{"name":"PONOS","id":1525},{"name":"PopCap","id":212},{"name":"Powerhead Games","id":213},{"name":"PT Consulting","id":1825},{"name":"QubicGames","id":215},{"name":"Rainy Frog","id":1292},{"name":"Ratalaika Games","id":1536},{"name":"Reef Entertainment","id":982},{"name":"Rising Star Games","id":220},{"name":"ROCKYOU","id":119},{"name":"Rooster Teeth Productions","id":1767},{"name":"Sabarasa","id":227},{"name":"Sanuk Games","id":228},{"name":"SEGA","id":231},{"name":"SEGA EUR","id":232},{"name":"Selectsoft","id":364},{"name":"Shin’en Multimedia","id":235},{"name":"SoftEgg","id":242},{"name":"Spicysoft","id":963},{"name":"SPRINGLOADED","id":1442},{"name":"SQUARE ENIX","id":246},{"name":"System 3 Software","id":1328},{"name":"Tag Games","id":257},{"name":"Tantalus","id":263},{"name":"Tate Multimedia","id":1146},{"name":"Teyon","id":270},{"name":"The Pokémon Company","id":210},{"name":"TikGames","id":271},{"name":"tinyBuild Games","id":1541},{"name":"Tivola","id":272},{"name":"TREVA","id":1664},{"name":"TREVA Entertainment","id":1187},{"name":"TV Asahi","id":1791},{"name":"Twofivesix","id":1788},{"name":"Two Tribes Publishing","id":277},{"name":"Ubisoft","id":278},{"name":"UFO Interactive","id":280},{"name":"UNITYTECHNOLOGIESJPN","id":1364},{"name":"Upfall Studios","id":1657},{"name":"Vblank Entertainment","id":1105},{"name":"VD-DEV","id":1396},{"name":"Verristar Ent.","id":1186},{"name":"VERSTRAETEN","id":1807},{"name":"Virtual Playground","id":282},{"name":"Virtual Toys","id":283},{"name":"WayForward","id":288},{"name":"WB Games","id":1004},{"name":"Wee Man Studios","id":1557},{"name":"winterworks","id":1397},{"name":"Xform","id":291},{"name":"Zen Studios","id":582},{"name":"Zordix","id":365}],"length":167}}