{"publishers":{"publisher":[{"name":"Nintendo","id":190},{"name":"13AM Games","id":1366},{"name":"1st Playable","id":322},{"name":"4Pockets.com","id":3},{"name":"505 Games","id":4},{"name":"Abylight","id":6},{"name":"Activision","id":7},{"name":"AGENIUS","id":11},{"name":"Agetec","id":12},{"name":"Aksys Games","id":15},{"name":"Ancient","id":1339},{"name":"ARC SYSTEM WORKS","id":19},{"name":"Assoria","id":22},{"name":"ATLUS","id":25},{"name":"Atooi","id":1772},{"name":"BANDAI NAMCO Entertainment","id":27},{"name":"BeiZ","id":622},{"name":"Bidement Entertainment","id":1834},{"name":"Bigben Interactive","id":31},{"name":"Big John Games","id":33},{"name":"BiP media","id":34},{"name":"CAPCOM","id":39},{"name":"CAPCOM","id":41},{"name":"CatfishBlues Games","id":1747},{"name":"cerasus.media","id":42},{"name":"Chequered Cow","id":1429},{"name":"Chillingo","id":43},{"name":"Choice Provisions","id":1381},{"name":"Cinemax","id":45},{"name":"CIRCLE Ent.","id":46},{"name":"City Connection","id":1800},{"name":"Collavier","id":358},{"name":"Collecting Smiles","id":742},{"name":"Connect2Media","id":49},{"name":"cosmigo","id":51},{"name":"Cypronia","id":359},{"name":"D3 Publisher","id":57},{"name":"Digital Leisure","id":62},{"name":"Disney Interactive","id":64},{"name":"DK GAMES","id":65},{"name":"Dolores Ent.","id":1331},{"name":"dtp entertainment","id":68},{"name":"Electronic Arts","id":69},{"name":"Electron Jump","id":72},{"name":"Endgame Studios","id":923},{"name":"Engine Software","id":74},{"name":"Enjoy Gaming","id":75},{"name":"EnjoyUp Games","id":76},{"name":"eV Interactive","id":1103},{"name":"Firemint","id":84},{"name":"Flat Black Films","id":85},{"name":"Floor 84 Studio","id":1685},{"name":"Four Horses","id":1688},{"name":"Full Fat","id":1455},{"name":"G5 Entertainment","id":91},{"name":"GAMEDO","id":1403},{"name":"Gamelion","id":96},{"name":"Gameloft","id":97},{"name":"Game Mill","id":1813},{"name":"Games Factory Online","id":100},{"name":"GAMESTUDIO","id":1385},{"name":"GAMEVIL","id":102},{"name":"Gammick Entertainment","id":103},{"name":"Genius Sonority","id":682},{"name":"Gevo Entertainment","id":107},{"name":"GlobZ","id":109},{"name":"Goodbye Galaxy G.","id":1330},{"name":"Goodvision Corporation","id":106},{"name":"Grab","id":782},{"name":"G-Style","id":114},{"name":"HAMSTER","id":118},{"name":"HB Studios","id":120},{"name":"Hörberg Productions","id":1102},{"name":"HR GAMES","id":1346},{"name":"HUMONGOUS","id":1636},{"name":"Ignition Entertainment","id":408},{"name":"Image & Form","id":130},{"name":"Infinite Madaa","id":1898},{"name":"INSIDE SYSTEM","id":1759},{"name":"INTENSE","id":133},{"name":"Interplay","id":135},{"name":"Joindots","id":1003},{"name":"Kaasa","id":144},{"name":"KEMCO","id":146},{"name":"KOEI TECMO GAMES","id":267},{"name":"KONAMI","id":149},{"name":"Konami Digital Entertainment, Inc.","id":151},{"name":"Koneko","id":1699},{"name":"Korner Entertainment","id":153},{"name":"lbxgames","id":156},{"name":"Legacy Interactive","id":378},{"name":"Lemondo Games","id":1779},{"name":"Lemon Team","id":159},{"name":"LEVEL-5","id":456},{"name":"Lightwood Games","id":1480},{"name":"LIONant","id":1391},{"name":"Little Orbit","id":1186},{"name":"Little Worlds Studio","id":161},{"name":"Majesco Entertainment","id":166},{"name":"Marvelous (XSEED)","id":294},{"name":"Mastertronic","id":168},{"name":"Maximum Family Games","id":902},{"name":"Maximum Games","id":1062},{"name":"Mojang","id":1576},{"name":"MP2 Games","id":1687},{"name":"NATSUME","id":178},{"name":"Natsume Inc.","id":179},{"name":"NEOPICA","id":1652},{"name":"Netflix","id":584},{"name":"Nicalis","id":186},{"name":"Ninja Games Japan","id":1638},{"name":"Ninja Playground","id":1509},{"name":"Nnooo","id":192},{"name":"Nordcurrent","id":195},{"name":"Nostatic Software","id":1555},{"name":"nuGAME","id":1610},{"name":"NVriezen","id":1692},{"name":"odenis studio","id":196},{"name":"Other Ocean","id":198},{"name":"Petite Games","id":1454},{"name":"PIXEL FEDERATION","id":205},{"name":"PlayEveryWare","id":1406},{"name":"PONOS","id":1525},{"name":"PopCap","id":212},{"name":"Powerhead Games","id":213},{"name":"QubicGames","id":215},{"name":"Ratalaika Games","id":1536},{"name":"Renegade Kid","id":743},{"name":"ROCKYOU","id":119},{"name":"Rooster Teeth Productions","id":1767},{"name":"Sanuk Games","id":228},{"name":"Saturnine Games","id":229},{"name":"SEGA","id":231},{"name":"SEGA USA","id":233},{"name":"Selectsoft","id":364},{"name":"Shin’en Multimedia","id":235},{"name":"Skyworks","id":240},{"name":"SoftEgg","id":242},{"name":"Sonic Powered","id":244},{"name":"SPRINGLOADED","id":1442},{"name":"SQUARE ENIX","id":246},{"name":"Square One Games","id":1374},{"name":"Tag Games","id":257},{"name":"Tantalus","id":263},{"name":"TASUKE","id":264},{"name":"Telegames","id":1063},{"name":"Teyon","id":270},{"name":"The Pokémon Company","id":210},{"name":"THQ, INC.","id":484},{"name":"TikGames","id":271},{"name":"tinyBuild Games","id":1541},{"name":"Treva Entertainment","id":366},{"name":"TwinSky Games","id":1746},{"name":"Two Tribes Publishing","id":277},{"name":"Ubisoft","id":278},{"name":"UFO Interactive","id":280},{"name":"UNITYTECHNOLOGIESJPN","id":1364},{"name":"Upfall Studios","id":1657},{"name":"Vblank Entertainment","id":1105},{"name":"VD-DEV","id":1396},{"name":"Virtual Playground","id":282},{"name":"Virtual Toys","id":283},{"name":"WayForward","id":288},{"name":"WB Games","id":483},{"name":"WB Games","id":1004},{"name":"Wee Man Studios","id":1557},{"name":"winterworks","id":1397},{"name":"Xform","id":291},{"name":"Zen Studios","id":582},{"name":"Zoo Games","id":300},{"name":"Zordix","id":365}],"length":171}}