{"title":{"formal_name":"GALAXY BLASTER CODE RED","description":"В GALAXY BLASTER CODE RED нужно защищать свой корабль от кораблей пришельцев. Крутите колесо влево или вправо, а затем нажмите на экран, чтобы открыть огонь из бластера. Осторожно - если враг залетит к вам на базу, или если вы будете слишком часто промахиваться, то вы проиграете!","genres":{"genre":[{"name":"Аркада","id":2},{"name":"Шутер","id":11},{"name":"Стратегия","id":13}],"length":3},"keywords":{},"languages":{"language":[{"iso_code":"en","name":"Английский"}]},"number_of_players":"Один игрок","disclaimer":"Продолжая, вы подтверждаете свое согласие с нижеследующим.\n<br>\n<br>Данная программа для ЭВМ предоставляется вам компанией Nintendo на условиях простой неисключительной лицензии для целей личного использования, не связанного с предпринимательской деятельностью. Вы не вправе предоставлять сублицензию на данную программу для ЭВМ третьим лицам без предварительного письменного согласия компании Nintendo. Лицензия на программу для ЭВМ действует с момента уплаты вами лицензионного вознаграждения, указанного в отношении данной программы для ЭВМ. Во всем, что не урегулировано в настоящей оговорке, действуют положения Соглашения о пользовании сервисами Nintendo 3DS и политики конфиденциальности.","copyright":{"text":"©2017 RCMADIAX LLC, All Rights Reserved."},"screenshots":{"screenshot":[{"image_url":[{"value":"https://kanzashi-ctr.cdn.nintendo.net/i/b4e163a1784756e160930cbe1e4763cde4ae8e75a48d26ed84d14c5113431691.jpg","type":"upper"},{"value":"https://kanzashi-ctr.cdn.nintendo.net/i/a119e3eb58b0b43b0353aa5524ee154f7da3dc790bf0a723f59745414ee89faf.jpg","type":"lower"}]},{"image_url":[{"value":"https://kanzashi-ctr.cdn.nintendo.net/i/0a067e8735090de6ea7001b45779a97f4eb90ec1f49dda6d461cf01190222e9a.jpg","type":"upper"},{"value":"https://kanzashi-ctr.cdn.nintendo.net/i/1fe12d79c242664fc27118f3dce582aa1b2742e07bc82981cae9d368a8c2cc73.jpg","type":"lower"}]},{"image_url":[{"value":"https://kanzashi-ctr.cdn.nintendo.net/i/fedfd6999948e4effb28abeb4595c65f27c21742763ad4db1e0e74b69af6c953.jpg","type":"upper"},{"value":"https://kanzashi-ctr.cdn.nintendo.net/i/e50f34affc4c0fed0d8a09b4106ee1362cddaccf611dccefe7f335884861d1c4.jpg","type":"lower"}]}]},"ticket_available":false,"data_size":54991716,"download_code_sales":false,"download_card_sales":{"available":false},"name":"GALAXY BLASTER CODE RED","thumbnails":{"thumbnail":[{"url":"https://kanzashi-ctr.cdn.nintendo.net/i/70680b7d34f16580434b983d910f84d0c33ee8284448320a0f202ed307053947.jpg","height":112,"width":112,"type":"small"}]},"id":50010000043996,"platform":{"name":"New 3DS (загружаемая)","id":1001,"device":"CTR","category":8},"publisher":{"name":"RCMADIAX","id":1269},"product_code":"KTR-N-CB2P","icon_url":"https://kanzashi-ctr.cdn.nintendo.net/i/652ce11eb6d0fc91d286308d9f3e80f4cf35262349e0824ae51954c838299c49.jpg","banner_url":"https://kanzashi-ctr.cdn.nintendo.net/i/72c3309e1b434bf5bdd717a89cff1ade95888fd402785beaa67351216a938352.jpg","display_genre":"Аркада / Шутер / Стратегия","rating_info":{"rating_system":{"name":"Возр. катег.","id":212},"rating":{"icons":{"icon":[{"url":"https://kanzashi-ctr.cdn.nintendo.net/i/277d09698bc618c10eb92ea4a24482dd5fac7821a4d42e50951e453b121dd718.jpg","type":"normal"},{"url":"https://kanzashi-ctr.cdn.nintendo.net/i/67aea1c7fa16398752c0ae8cdf1b6092c9ba0f1508166109779b5b1526f7b134.jpg","type":"small"}]},"name":"0+","age":0,"id":1},"descriptors":{}},"release_date_on_eshop":"2017-11-02","retail_sales":false,"eshop_sales":true,"web_sales":true,"demo_available":false,"aoc_available":false,"in_app_purchase":false,"top_image":{"type":"screenshot","url":"https://kanzashi-ctr.cdn.nintendo.net/i/b4e163a1784756e160930cbe1e4763cde4ae8e75a48d26ed84d14c5113431691.jpg"},"new":false,"public":true}}