{"genres":{"genre":[{"name":"Аркада","id":2},{"name":"Экшн","id":3},{"name":"Приключения","id":4},{"name":"Файтинг","id":5},{"name":"Пазл","id":6},{"name":"Гонки","id":7},{"name":"Ролевая игра","id":8},{"name":"Симулятор","id":9},{"name":"Спортивная игра","id":10},{"name":"Шутер","id":11},{"name":"Настольная игра","id":12},{"name":"Стратегия","id":13},{"name":"Шутер от первого лица","id":14},{"name":"Обучающая игра","id":15},{"name":"Платформер","id":16},{"name":"Training","id":61},{"name":"Study","id":81},{"name":"Служебные программы","id":82},{"name":"Общение","id":84},{"name":"Музыка","id":85},{"name":"Приложение","id":86},{"name":"Магазин","id":87},{"name":"Образ жизни","id":88},{"name":"Вечеринка","id":89},{"name":"Данные обновления","id":109},{"name":"Прочее","id":17}],"length":26}}